<?xml version="1.0" encoding="UTF-8"?>
<project-private xmlns="http://www.netbeans.org/ns/project-private/1">
    <editor-bookmarks xmlns="http://www.netbeans.org/ns/editor-bookmarks/2" lastBookmarkId="0"/>
    <open-files xmlns="http://www.netbeans.org/ns/projectui-open-files/2">
        <group>
            <file>file:/D:/CodeJava_netbean/QuanLyNhaHang/src/Images/icon_5.png</file>
            <file>file:/D:/CodeJava_netbean/QuanLyNhaHang/src/View_352/DangNhap.java</file>
            <file>file:/D:/CodeJava_netbean/QuanLyNhaHang/src/Images/icon_bia%20.png</file>
            <file>file:/D:/CodeJava_netbean/QuanLyNhaHang/src/Images/icon_2.png</file>
            <file>file:/D:/CodeJava_netbean/QuanLyNhaHang/src/View_352/TraCuuBan.java</file>
            <file>file:/D:/CodeJava_netbean/QuanLyNhaHang/src/Images/icon_3.png</file>
            <file>file:/D:/CodeJava_netbean/QuanLyNhaHang/src/Images/icon_ung_dung.png</file>
            <file>file:/D:/CodeJava_netbean/QuanLyNhaHang/src/View_352/ThongKeDoanhThuNam.java</file>
            <file>file:/D:/CodeJava_netbean/QuanLyNhaHang/src/View_352/DatBan_NguoiDaiDien.java</file>
            <file>file:/D:/CodeJava_netbean/QuanLyNhaHang/src/View_352/ThongTinTaiKhoan.java</file>
            <file>file:/D:/CodeJava_netbean/QuanLyNhaHang/src/View_352/DangKy.java</file>
            <file>file:/D:/CodeJava_netbean/QuanLyNhaHang/src/Images/icon_1.png</file>
            <file>file:/D:/CodeJava_netbean/QuanLyNhaHang/src/Images/icon_4.png</file>
        </group>
    </open-files>
</project-private>
